Workbook

Sheet Sheet3
A3: Row Labels | B3: Average of Resident_Population (R) | C3: Average of Displaced_Population (D) | D3: Average of Heterogeneity (H) | E3: Average of Displacement_Ratio (S = D/R) | F3: Average of Demographic_Factor (DF = S*H)
A4: Akkar | B4: 2866.2616 | C4: 91.854651 | D4: 0.20116408 | E4: 0.043141376 | F4: 0.0087632853
A5: Aley | B5: 3735.869 | C5: 1632.1071 | D5: 0.30162654 | E5: 0.46151216 | F5: 0.14564807
A6: Baabda | B6: 9389.1803 | C6: 580.70492 | D6: 0.34485306 | E6: 0.35540818 | F6: 0.0940857
A7: Baalbek | B7: 3730.2574 | C7: 103.35644 | D7: 0.1843537 | E7: 0.074708806 | F7: 0.013789887
A8: Bcharre | B8: 962 | C8: 20.130435 | D8: 0.14893639 | E8: 0.039998859 | F8: 0.0085150869
A9: Beirut | B9: 23308.462 | C9: 12625.923 | D9: 0.6131932 | E9: 0.97586843 | F9: 0.59471623
A10: Bent Jbeil | B10: 1756.7105 | C10: 2.6578947 | D10: 0.09971194 | E10: 0.00093620476 | F10: 0.0001876055
A11: Chouf | B11: 2628.7778 | C11: 1143.2323 | D11: 0.26185194 | E11: 0.31107466 | F11: 0.090263516
A12: El Batroun | B12: 912.22535 | C12: 103.04225 | D12: 0.2187409 | E12: 0.14456845 | F12: 0.030107366
A13: El Hermel | B13: 4051.2857 | C13: 117.78571 | D13: 0.22132985 | E13: 0.1090522 | F13: 0.014322792
A14: El Koura | B14: 2139.575 | C14: 126.45 | D14: 0.29229832 | E14: 0.20933588 | F14: 0.061089539
A15: El Meten | B15: 4860.8247 | C15: 200.46392 | D15: 0.38250474 | E15: 0.05198022 | F15: 0.019314589
... A29: Zgharta | B29: 1714.3269 | C29: 68.557692 | D29: 0.20934753 | E29: 0.046930621 | F29: 0.010375918
A30: (blank)
A31: Grand Total | B31: 3302.5101 | C31: 422.66073 | D31: 0.23995882 | E31: 0.2524536 | F31: 0.061359101

Sheet Master Sheet
A1: Status | B1: Updated Nmes | C1: District | D1: District_Cleaned | E1: Governorate | F1: ACS Code | G1: Resident_Population (R) | H1: Displaced_Population (D) | I1: Heterogeneity (H) | J1: Displacement_Ratio (S = D/R) | K1: Demographic_Factor (DF = S*H)
A2: Actual | B2: عين المريسه | C2: بيروت | D2: Beirut | E2: بيروت | F2: 10110 | G2: 4550 | H2: 28800 | I2: 0.65991017 | J2: =IF(G2=0,0,H2/G2) -> 6.3296703 | K2: =J2*I2 -> 4.1770138 | M2: Actual | N2: =COUNTIF(A:A,M2) -> 1216
A3: Actual | B3: رأس بيروت | C3: بيروت | D3: Beirut | E3: بيروت | F3: 10150 | G3: 37706 | H3: 39690 | I3: 0.53190599 | J3: =IF(G3=0,0,H3/G3) -> 1.0526176 | K3: =J3*I3 -> 0.55989361 | M3: Predicted | N3: =COUNTIF(A:A,M3) -> 411
A4: Actual | B4: مصيطبة | C4: بيروت | D4: Beirut | E4: بيروت | F4: 10210 | G4: 66330 | H4: 64913 | I4: 0.59862798 | J4: =IF(G4=0,0,H4/G4) -> 0.97863712 | K4: =J4*I4 -> 0.58583956 | P4: {=_xlfn.UNIQUE(D2:D1628)} -> Beirut
A5: Actual | B5: مينا الحصن | C5: بيروت | D5: Beirut | E5: بيروت | F5: 10250 | G5: 1524 | H5: 0 | I5: 0.83693546 | J5: =IF(G5=0,0,H5/G5) -> 0 | K5: =J5*I5 -> 0 | P5: Baabda
A6: Actual | B6: المزرعة | C6: بيروت | D6: Beirut | E6: بيروت | F6: 10310 | G6: 88885 | H6: 16650 | I6: 0.27341794 | J6: =IF(G6=0,0,H6/G6) -> 0.1873207 | K6: =J6*I6 -> 0.051216838 | P6: Aley
A7: Actual | B7: باشورة | C7: بيروت | D7: Beirut | E7: بيروت | F7: 10350 | G7: 16218 | H7: 1851 | I7: 0.58627379 | J7: =IF(G7=0,0,H7/G7) -> 0.11413245 | K7: =J7*I7 -> 0.066912862 | P7: Baalbek
A8: Actual | B8: زقاق البلاط | C8: بيروت | D8: Beirut | E8: بيروت | F8: 10410 | G8: 10658 | H8: 1350 | I8: 0.56572695 | J8: =IF(G8=0,0,H8/G8) -> 0.12666542 | K8: =J8*I8 -> 0.071658039 | P8: Akkar
A9: Actual | B9: مرفأ | C9: بيروت | D9: Beirut | E9: بيروت | F9: 10450 | G9: 151 | H9: 450 | I9: 0.54555407 | J9: =IF(G9=0,0,H9/G9) -> 2.9801325 | K9: =J9*I9 -> 1.6258234 | P9: Hasbaya
A10: Actual | B10: صيفي | C10: بيروت | D10: Beirut | E10: بيروت | F10: 10510 | G10: 2152 | H10: 203 | I10: 0.80288475 | J10: =IF(G10=0,0,H10/G10) -> 0.094330855 | K10: =J10*I10 -> 0.075736805 | P10: Kesrwane
A11: Actual | B11: رميل | C11: بيروت | D11: Beirut | E11: بيروت | F11: 10550 | G11: 21978 | H11: 1238 | I11: 0.80288475 | J11: =IF(G11=0,0,H11/G11) -> 0.056329056 | K11: =J11*I11 -> 0.04522574 | P11: Jezzine
A12: Actual | B12: مدور | C12: بيروت | D12: Beirut | E12: بيروت | F12: 10610 | G12: 4151 | H12: 1890 | I12: 0.677964 | J12: =IF(G12=0,0,H12/G12) -> 0.45531197 | K12: =J12*I12 -> 0.30868513 | P12: Rachaya
A13: Actual | B13: الاشرفية | C13: بيروت | D13: Beirut | E13: بيروت | F13: 10650 | G13: 48435 | H13: 7057 | I13: 0.85764884 | J13: =IF(G13=0,0,H13/G13) -> 0.14570042 | K13: =J13*I13 -> 0.1249598 | P13: Zahle
A14: Actual | B14: شياح | C14: بعبدا | D14: Baabda | E14: جبل لبنان | F14: 21111 | G14: 239203 | H14: 10240 | I14: 0.61645564 | J14: =IF(G14=0,0,H14/G14) -> 0.042808828 | K14: =J14*I14 -> 0.026389743 | P14: Jbeil
A15: Actual | B15: حارة حريك | C15: بعبدا | D15: Baabda | E15: جبل لبنان | F15: 21144 | G15: 62844 | H15: 0 | I15: 0.63399263 | J15: =IF(G15=0,0,H15/G15) -> 0 | K15: =J15*I15 -> 0 | P15: Marjaayoun
A16: Actual | B16: ليلكي | C16: بعبدا | D16: Baabda | E16: جبل لبنان | F16: 21166 | G16: 11078 | H16: 0 | I16: 0.35640496 | J16: =IF(G16=0,0,H16/G16) -> 0 | K16: =J16*I16 -> 0 | P16: Sour
... A29: Actual | B29: عين موفق | C29: بعبدا | D29: Baabda | E29: جبل لبنان | F29: 21314 | G29: 15 | H29: 76 | I29: 0.25378667 | J29: =IF(G29=0,0,H29/G29) -> 5.0666667 | K29: =J29*I29 -> 1.2858525 | P29: Bcharre
A30: Actual | B30: رويسة البلوط | C30: بعبدا | D30: Baabda | E30: جبل لبنان | F30: 21317 | G30: 822 | H30: 820 | I30: 0.037565512 | J30: =IF(G30=0,0,H30/G30) -> 0.99756691 | K30: =J30*I30 -> 0.037474112
A31: Actual | B31: هلالية | C31: بعبدا | D31: Baabda | E31: جبل لبنان | F31: 21324 | G31: 375 | H31: 282 | I31: 0.028889961 | J31: =IF(G31=0,0,H31/G31) -> 0.752 | K31: =J31*I31 -> 0.021725251
A32: Actual | B32: حارة حمزة | C32: بعبدا | D32: Baabda | E32: جبل لبنان | F32: 21327 | G32: 27 | H32: 0 | I32: 0.1882553 | J32: =IF(G32=0,0,H32/G32) -> 0 | K32: =J32*I32 -> 0
A33: Actual | B33: قتالة | C33: بعبدا | D33: Baabda | E33: جبل لبنان | F33: 21331 | G33: 0 | H33: 0 | I33: 0.56210652 | J33: =IF(G33=0,0,H33/G33) -> 0 | K33: =J33*I33 -> 0
A34: Actual | B34: راس الحرف | C34: بعبدا | D34: Baabda | E34: جبل لبنان | F34: 21334 | G34: 68 | H34: 160 | I34: 0.22172566 | J34: =IF(G34=0,0,H34/G34) -> 2.3529412 | K34: =J34*I34 -> 0.52170744
A35: Actual | B35: دير خونة | C35: بعبدا | D35: Baabda | E35: جبل لبنان | F35: 21337 | G35: 17 | H35: 0 | I35: 0 | J35: =IF(G35=0,0,H35/G35) -> 0 | K35: =J35*I35 -> 0
A36: Actual | B36: عبادية | C36: بعبدا | D36: Baabda | E36: جبل لبنان | F36: 21341 | G36: 3591 | H36: 1410 | I36: 0.60684416 | J36: =IF(G36=0,0,H36/G36) -> 0.39264829 | K36: =J36*I36 -> 0.23827632
A37: Actual | B37: قرية | C37: بعبدا | D37: Baabda | E37: جبل لبنان | F37: 21344 | G37: 687 | H37: 400 | I37: 0.067828095 | J37: =IF(G37=0,0,H37/G37) -> 0.58224163 | K37: =J37*I37 -> 0.039492341
A38: Actual | B38: راس المتن | C38: بعبدا | D38: Baabda | E38: جبل لبنان | F38: 21351 | G38: 4221 | H38: 374 | I38: 0.20356158 | J38: =IF(G38=0,0,H38/G38) -> 0.088604596 | K38: =J38*I38 -> 0.018036492
A39: Actual | B39: شويت | C39: بعبدا | D39: Baabda | E39: جبل لبنان | F39: 21354 | G39: 869 | H39: 450 | I39: 0.57199842 | J39: =IF(G39=0,0,H39/G39) -> 0.51783659 | K39: =J39*I39 -> 0.29620172
A40: Actual | B40: قبيع | C40: بعبدا | D40: Baabda | E40: جبل لبنان | F40: 21357 | G40: 2365 | H40: 1513 | I40: 0.27235634 | J40: =IF(G40=0,0,H40/G40) -> 0.6397463 | K40: =J40*I40 -> 0.17423896
A41: Actual | B41: قرطادة | C41: بعبدا | D41: Baabda | E41: جبل لبنان | F41: 21361 | G41: 123 | H41: 0 | I41: 0.22625346 | J41: =IF(G41=0,0,H41/G41) -> 0 | K41: =J41*I41 -> 0
... A1461: Predicted | B1461: Conflict | C1461: Baalbek | D1461: Baalbek | E1461: Baalbek-El Hermel | F1461: 54003 | G1461: 0 | H1461: 0 | I1461: 0.23104263 | J1461: =IF(G1461=0,0,H1461/G1461) -> 0 | K1461: =J1461*I1461 -> 0
A1462: Predicted | B1462: Conflict | C1462: Baalbek | D1462: Baalbek | E1462: Baalbek-El Hermel | F1462: 0c10 | G1462: 0 | H1462: 0 | I1462: 0.23104263 | J1462: =IF(G1462=0,0,H1462/G1462) -> 0 | K1462: =J1462*I1462 -> 0
A1463: Predicted | B1463: Conflict | C1463: Baalbek | D1463: Baalbek | E1463: Baalbek-El Hermel | F1463: 0c11 | G1463: 0 | H1463: 0 | I1463: 0.23104263 | J1463: =IF(G1463=0,0,H1463/G1463) -> 0 | K1463: =J1463*I1463 -> 0
A1464: Predicted | B1464: Conflict | C1464: Baalbek | D1464: Baalbek | E1464: Baalbek-El Hermel | F1464: 0c2 | G1464: 0 | H1464: 0 | I1464: 0.23104263 | J1464: =IF(G1464=0,0,H1464/G1464) -> 0 | K1464: =J1464*I1464 -> 0
A1465: Predicted | B1465: Conflict | C1465: Baalbek | D1465: Baalbek | E1465: Baalbek-El Hermel | F1465: 0c3 | G1465: 0 | H1465: 0 | I1465: 0.23104263 | J1465: =IF(G1465=0,0,H1465/G1465) -> 0 | K1465: =J1465*I1465 -> 0
A1466: Predicted | B1466: Conflict | C1466: Baalbek | D1466: Baalbek | E1466: Baalbek-El Hermel | F1466: 0c4 | G1466: 0 | H1466: 0 | I1466: 0.23104263 | J1466: =IF(G1466=0,0,H1466/G1466) -> 0 | K1466: =J1466*I1466 -> 0
A1467: Predicted | B1467: Conflict | C1467: Baalbek | D1467: Baalbek | E1467: Baalbek-El Hermel | F1467: 0c5 | G1467: 0 | H1467: 0 | I1467: 0.23104263 | J1467: =IF(G1467=0,0,H1467/G1467) -> 0 | K1467: =J1467*I1467 -> 0
A1468: Predicted | B1468: Conflict | C1468: Baalbek | D1468: Baalbek | E1468: Baalbek-El Hermel | F1468: 0c6 | G1468: 0 | H1468: 0 | I1468: 0.23104263 | J1468: =IF(G1468=0,0,H1468/G1468) -> 0 | K1468: =J1468*I1468 -> 0
A1469: Predicted | B1469: Conflict | C1469: Baalbek | D1469: Baalbek | E1469: Baalbek-El Hermel | F1469: 0c7 | G1469: 0 | H1469: 0 | I1469: 0.23104263 | J1469: =IF(G1469=0,0,H1469/G1469) -> 0 | K1469: =J1469*I1469 -> 0
A1470: Predicted | B1470: Conflict | C1470: Baalbek | D1470: Baalbek | E1470: Baalbek-El Hermel | F1470: 0c8 | G1470: 0 | H1470: 0 | I1470: 0.23104263 | J1470: =IF(G1470=0,0,H1470/G1470) -> 0 | K1470: =J1470*I1470 -> 0
A1471: Predicted | B1471: Conflict | C1471: Baalbek | D1471: Baalbek | E1471: Baalbek-El Hermel | F1471: 0c9 | G1471: 0 | H1471: 0 | I1471: 0.23104263 | J1471: =IF(G1471=0,0,H1471/G1471) -> 0 | K1471: =J1471*I1471 -> 0
A1472: Predicted | B1472: Ouadi El-Aaoss | C1472: Baalbek | D1472: Baalbek | E1472: Baalbek-El Hermel | F1472: 54183 | G1472: 0 | H1472: 0 | I1472: 0.23104263 | J1472: =IF(G1472=0,0,H1472/G1472) -> 0 | K1472: =J1472*I1472 -> 0
A1473: Predicted | B1473: Slouqi | C1473: Baalbek | D1473: Baalbek | E1473: Baalbek-El Hermel | F1473: 53423 | G1473: 17 | H1473: 0 | I1473: 0.23108853 | J1473: =IF(G1473=0,0,H1473/G1473) -> 0 | K1473: =J1473*I1473 -> 0
A1474: Predicted | B1474: Mchaa Ej-Jibbe | C1474: Bcharre | D1474: Bcharre | E1474: North | F1474: 36110 | G1474: 0 | H1474: 0 | I1474: 0.23104263 | J1474: =IF(G1474=0,0,H1474/G1474) -> 0 | K1474: =J1474*I1474 -> 0
A1475: Predicted | B1475: Qatmoun | C1475: Bent Jbeil | D1475: Bent Jbeil | E1475: El Nabatieh | F1475: 72175 | G1475: 0 | H1475: 0 | I1475: 0.23104263 | J1475: =IF(G1475=0,0,H1475/G1475) -> 0 | K1475: =J1475*I1475 -> 0
A1476: Predicted | B1476: Salhani | C1476: Bent Jbeil | D1476: Bent Jbeil | E1476: El Nabatieh | F1476: 72135 | G1476: 0 | H1476: 0 | I1476: 0.23104263 | J1476: =IF(G1476=0,0,H1476/G1476) -> 0 | K1476: =J1476*I1476 -> 0
A1477: Predicted | B1477: Chmaarine | C1477: Chouf | D1477: Chouf | E1477: Mount Lebanon | F1477: 23275 | G1477: 0 | H1477: 0 | I1477: 0.23104263 | J1477: =IF(G1477=0,0,H1477/G1477) -> 0 | K1477: =J1477*I1477 -> 0
A1478: Predicted | B1478: Conflict | C1478: Chouf | D1478: Chouf | E1478: Mount Lebanon | F1478: 23001 | G1478: 0 | H1478: 0 | I1478: 0.23104263 | J1478: =IF(G1478=0,0,H1478/G1478) -> 0 | K1478: =J1478*I1478 -> 0
A1479: Predicted | B1479: Conflict | C1479: Chouf | D1479: Chouf | E1479: Mount Lebanon | F1479: 23002 | G1479: 0 | H1479: 0 | I1479: 0.23104263 | J1479: =IF(G1479=0,0,H1479/G1479) -> 0 | K1479: =J1479*I1479 -> 0
A1480: Predicted | B1480: Conflict | C1480: Chouf | D1480: Chouf | E1480: Mount Lebanon | F1480: 23003 | G1480: 0 | H1480: 0 | I1480: 0.23104263 | J1480: =IF(G1480=0,0,H1480/G1480) -> 0 | K1480: =J1480*I1480 -> 0
A1481: Predicted | B1481: Conflict | C1481: Chouf | D1481: Chouf | E1481: Mount Lebanon | F1481: 23004 | G1481: 0 | H1481: 0 | I1481: 0.23104263 | J1481: =IF(G1481=0,0,H1481/G1481) -> 0 | K1481: =J1481*I1481 -> 0
A1482: Predicted | B1482: Conflict | C1482: Chouf | D1482: Chouf | E1482: Mount Lebanon | F1482: 23005 | G1482: 0 | H1482: 0 | I1482: 0.23104263 | J1482: =IF(G1482=0,0,H1482/G1482) -> 0 | K1482: =J1482*I1482 -> 0
A1483: Predicted | B1483: Conflict | C1483: Chouf | D1483: Chouf | E1483: Mount Lebanon | F1483: 23006 | G1483: 0 | H1483: 0 | I1483: 0.23104263 | J1483: =IF(G1483=0,0,H1483/G1483) -> 0 | K1483: =J1483*I1483 -> 0
... A1497: Predicted | B1497: Conflict | C1497: El Hermel | D1497: El Hermel | E1497: Baalbek-El Hermel | F1497: 54002 | G1497: 0 | H1497: 0 | I1497: 0.23104263 | J1497: =IF(G1497=0,0,H1497/G1497) -> 0 | K1497: =J1497*I1497 -> 0
A1498: Predicted | B1498: Conflict | C1498: El Hermel | D1498: El Hermel | E1498: Baalbek-El Hermel | F1498: 0c1 | G1498: 0 | H1498: 0 | I1498: 0.23104263 | J1498: =IF(G1498=0,0,H1498/G1498) -> 0 | K1498: =J1498*I1498 -> 0
A1499: Predicted | B1499: Aain El-Qach | C1499: El Meten | D1499: El Meten | E1499: Mount Lebanon | F1499: 22523 | G1499: 109 | H1499: 32 | I1499: 0.23133691 | J1499: =IF(G1499=0,0,H1499/G1499) -> 0.29357798 | K1499: =J1499*I1499 -> 0.067915423
A1500: Predicted | B1500: Bsifrine | C1500: El Meten | D1500: El Meten | E1500: Mount Lebanon | F1500: 22691 | G1500: 177 | H1500: 0 | I1500: 0.2315205 | J1500: =IF(G1500=0,0,H1500/G1500) -> 0 | K1500: =J1500*I1500 -> 0
A1501: Predicted | B1501: Conflict | C1501: El Meten | D1501: El Meten | E1501: Mount Lebanon | F1501: 22001 | G1501: 0 | H1501: 0 | I1501: 0.23104263 | J1501: =IF(G1501=0,0,H1501/G1501) -> 0 | K1501: =J1501*I1501 -> 0
A1502: Predicted | B1502: Conflict | C1502: El Meten | D1502: El Meten | E1502: Mount Lebanon | F1502: 22002 | G1502: 0 | H1502: 0 | I1502: 0.23104263 | J1502: =IF(G1502=0,0,H1502/G1502) -> 0 | K1502: =J1502*I1502 -> 0
A1503: Predicted | B1503: Majzoub | C1503: El Meten | D1503: El Meten | E1503: Mount Lebanon | F1503: 22435 | G1503: 1439 | H1503: 45 | I1503: 0.23492767 | J1503: =IF(G1503=0,0,H1503/G1503) -> 0.031271716 | K1503: =J1503*I1503 -> 0.0073465915
A1504: Predicted | B1504: Mzakke | C1504: El Meten | D1504: El Meten | E1504: Mount Lebanon | F1504: 22651 | G1504: 1568 | H1504: 135 | I1504: 0.23527595 | J1504: =IF(G1504=0,0,H1504/G1504) -> 0.086096939 | K1504: =J1504*I1504 -> 0.020256539
A1505: Predicted | B1505: Aasaymout | C1505: El Minieh-Dennie | D1505: El Minieh-Dennie | E1505: North | F1505: 37362 | G1505: 32 | H1505: 0 | I1505: 0.23112902 | J1505: =IF(G1505=0,0,H1505/G1505) -> 0 | K1505: =J1505*I1505 -> 0
A1506: Predicted | B1506: Conflict | C1506: El Minieh-Dennie | D1506: El Minieh-Dennie | E1506: North | F1506: 37001 | G1506: 0 | H1506: 0 | I1506: 0.23104263 | J1506: =IF(G1506=0,0,H1506/G1506) -> 0 | K1506: =J1506*I1506 -> 0
A1507: Predicted | B1507: Conflict | C1507: El Minieh-Dennie | D1507: El Minieh-Dennie | E1507: North | F1507: 37002 | G1507: 0 | H1507: 0 | I1507: 0.23104263 | J1507: =IF(G1507=0,0,H1507/G1507) -> 0 | K1507: =J1507*I1507 -> 0
A1508: Predicted | B1508: Conflict | C1508: El Minieh-Dennie | D1508: El Minieh-Dennie | E1508: North | F1508: 37003 | G1508: 0 | H1508: 0 | I1508: 0.23104263 | J1508: =IF(G1508=0,0,H1508/G1508) -> 0 | K1508: =J1508*I1508 -> 0
A1509: Predicted | B1509: Conflict | C1509: El Minieh-Dennie | D1509: El Minieh-Dennie | E1509: North | F1509: 37004 | G1509: 0 | H1509: 0 | I1509: 0.23104263 | J1509: =IF(G1509=0,0,H1509/G1509) -> 0 | K1509: =J1509*I1509 -> 0
A1510: Predicted | B1510: Conflict | C1510: El Minieh-Dennie | D1510: El Minieh-Dennie | E1510: North | F1510: 37005 | G1510: 0 | H1510: 0 | I1510: 0.23104263 | J1510: =IF(G1510=0,0,H1510/G1510) -> 0 | K1510: =J1510*I1510 -> 0
... A1526: Predicted | B1526: Mzaraat El-Khreibe | C1526: El Nabatieh | D1526: El Nabatieh | E1526: El Nabatieh | F1526: 71241 | G1526: 26 | H1526: 0 | I1526: 0.23111282 | J1526: =IF(G1526=0,0,H1526/G1526) -> 0 | K1526: =J1526*I1526 -> 0
A1527: Predicted | B1527: Chebaa Farms | C1527: Hasbaya | D1527: Hasbaya | E1527: El Nabatieh | F1527: 0c15 | G1527: 0 | H1527: 0 | I1527: 0.23104263 | J1527: =IF(G1527=0,0,H1527/G1527) -> 0 | K1527: =J1527*I1527 -> 0
A1528: Predicted | B1528: Aalmat Ej-Jnoubiye | C1528: Jbeil | D1528: Jbeil | E1528: Mount Lebanon | F1528: 26214 | G1528: 79 | H1528: 1935 | I1528: 0.23125591 | J1528: =IF(G1528=0,0,H1528/G1528) -> 24.493671 | K1528: =J1528*I1528 -> 5.6643062
A1529: Predicted | B1529: Aarab El-Lahib | C1529: Jbeil | D1529: Jbeil | E1529: Mount Lebanon | F1529: 26374 | G1529: 60 | H1529: 0 | I1529: 0.23120462 | J1529: =IF(G1529=0,0,H1529/G1529) -> 0 | K1529: =J1529*I1529 -> 0
A1530: Predicted | B1530: Aarasta | C1530: Jbeil | D1530: Jbeil | E1530: Mount Lebanon | F1530: 26392 | G1530: 84 | H1530: 0 | I1530: 0.23126941 | J1530: =IF(G1530=0,0,H1530/G1530) -> 0 | K1530: =J1530*I1530 -> 0
A1531: Predicted | B1531: Birket Hjoula | C1531: Jbeil | D1531: Jbeil | E1531: Mount Lebanon | F1531: 26237 | G1531: 117 | H1531: 100 | I1531: 0.23135851 | J1531: =IF(G1531=0,0,H1531/G1531) -> 0.85470085 | K1531: =J1531*I1531 -> 0.19774231
A1532: Predicted | B1532: Bmehrayn | C1532: Jbeil | D1532: Jbeil | E1532: Mount Lebanon | F1532: 26283 | G1532: 54 | H1532: 51 | I1532: 0.23118842 | J1532: =IF(G1532=0,0,H1532/G1532) -> 0.94444444 | K1532: =J1532*I1532 -> 0.21834462
A1533: Predicted | B1533: Boulhos | C1533: Jbeil | D1533: Jbeil | E1533: Mount Lebanon | F1533: 26354 | G1533: 2 | H1533: 59 | I1533: 0.23104803 | J1533: =IF(G1533=0,0,H1533/G1533) -> 29.5 | K1533: =J1533*I1533 -> 6.8159168
A1534: Predicted | B1534: Conflict | C1534: Jbeil | D1534: Jbeil | E1534: Mount Lebanon | F1534: 26001 | G1534: 0 | H1534: 0 | I1534: 0.23104263 | J1534: =IF(G1534=0,0,H1534/G1534) -> 0 | K1534: =J1534*I1534 -> 0
A1535: Predicted | B1535: Conflict | C1535: Jbeil | D1535: Jbeil | E1535: Mount Lebanon | F1535: 26002 | G1535: 0 | H1535: 0 | I1535: 0.23104263 | J1535: =IF(G1535=0,0,H1535/G1535) -> 0 | K1535: =J1535*I1535 -> 0
A1536: Predicted | B1536: Conflict | C1536: Jbeil | D1536: Jbeil | E1536: Mount Lebanon | F1536: 26003 | G1536: 0 | H1536: 0 | I1536: 0.23104263 | J1536: =IF(G1536=0,0,H1536/G1536) -> 0 | K1536: =J1536*I1536 -> 0
A1537: Predicted | B1537: Conflict | C1537: Jbeil | D1537: Jbeil | E1537: Mount Lebanon | F1537: 26004 | G1537: 0 | H1537: 0 | I1537: 0.23104263 | J1537: =IF(G1537=0,0,H1537/G1537) -> 0 | K1537: =J1537*I1537 -> 0
A1538: Predicted | B1538: Conflict | C1538: Jbeil | D1538: Jbeil | E1538: Mount Lebanon | F1538: 26005 | G1538: 0 | H1538: 0 | I1538: 0.23104263 | J1538: =IF(G1538=0,0,H1538/G1538) -> 0 | K1538: =J1538*I1538 -> 0
A1539: Predicted | B1539: Conflict | C1539: Jbeil | D1539: Jbeil | E1539: Mount Lebanon | F1539: 26006 | G1539: 0 | H1539: 0 | I1539: 0.23104263 | J1539: =IF(G1539=0,0,H1539/G1539) -> 0 | K1539: =J1539*I1539 -> 0
... A1579: Predicted | B1579: Ouata Sillam | C1579: Kesrwane | D1579: Kesrwane | E1579: Mount Lebanon | F1579: 25141 | G1579: 2174 | H1579: 540 | I1579: 0.23691204 | J1579: =IF(G1579=0,0,H1579/G1579) -> 0.24839006 | K1579: =J1579*I1579 -> 0.058846597
A1580: Predicted | B1580: Conflict | C1580: Marjaayoun | D1580: Marjaayoun | E1580: El Nabatieh | F1580: 0c16 | G1580: 0 | H1580: 0 | I1580: 0.23104263 | J1580: =IF(G1580=0,0,H1580/G1580) -> 0 | K1580: =J1580*I1580 -> 0
A1581: Predicted | B1581: Houra | C1581: Marjaayoun | D1581: Marjaayoun | E1581: El Nabatieh | F1581: 73183 | G1581: 33 | H1581: 0 | I1581: 0.23113172 | J1581: =IF(G1581=0,0,H1581/G1581) -> 0 | K1581: =J1581*I1581 -> 0
A1582: Predicted | B1582: Mazraat Doumiat | C1582: Marjaayoun | D1582: Marjaayoun | E1582: El Nabatieh | F1582: 73143 | G1582: 0 | H1582: 0 | I1582: 0.23104263 | J1582: =IF(G1582=0,0,H1582/G1582) -> 0 | K1582: =J1582*I1582 -> 0
A1583: Predicted | B1583: Conflict | C1583: Rachaya | D1583: Rachaya | E1583: Bekaa | F1583: 55001 | G1583: 0 | H1583: 0 | I1583: 0.23104263 | J1583: =IF(G1583=0,0,H1583/G1583) -> 0 | K1583: =J1583*I1583 -> 0
A1584: Predicted | B1584: Conflict | C1584: Rachaya | D1584: Rachaya | E1584: Bekaa | F1584: 55002 | G1584: 0 | H1584: 0 | I1584: 0.23104263 | J1584: =IF(G1584=0,0,H1584/G1584) -> 0 | K1584: =J1584*I1584 -> 0
A1585: Predicted | B1585: Conflict | C1585: Rachaya | D1585: Rachaya | E1585: Bekaa | F1585: 55003 | G1585: 0 | H1585: 0 | I1585: 0.23104263 | J1585: =IF(G1585=0,0,H1585/G1585) -> 0 | K1585: =J1585*I1585 -> 0
A1586: Predicted | B1586: Conflict | C1586: Rachaya | D1586: Rachaya | E1586: Bekaa | F1586: 55004 | G1586: 0 | H1586: 0 | I1586: 0.23104263 | J1586: =IF(G1586=0,0,H1586/G1586) -> 0 | K1586: =J1586*I1586 -> 0
A1587: Predicted | B1587: Conflict | C1587: Rachaya | D1587: Rachaya | E1587: Bekaa | F1587: 55005 | G1587: 0 | H1587: 0 | I1587: 0.23104263 | J1587: =IF(G1587=0,0,H1587/G1587) -> 0 | K1587: =J1587*I1587 -> 0
A1588: Predicted | B1588: Conflict | C1588: Rachaya | D1588: Rachaya | E1588: Bekaa | F1588: 55006 | G1588: 0 | H1588: 0 | I1588: 0.23104263 | J1588: =IF(G1588=0,0,H1588/G1588) -> 0 | K1588: =J1588*I1588 -> 0
A1589: Predicted | B1589: Conflict | C1589: Rachaya | D1589: Rachaya | E1589: Bekaa | F1589: 55007 | G1589: 0 | H1589: 0 | I1589: 0.23104263 | J1589: =IF(G1589=0,0,H1589/G1589) -> 0 | K1589: =J1589*I1589 -> 0
A1590: Predicted | B1590: Conflict | C1590: Rachaya | D1590: Rachaya | E1590: Bekaa | F1590: 55008 | G1590: 0 | H1590: 0 | I1590: 0.23104263 | J1590: =IF(G1590=0,0,H1590/G1590) -> 0 | K1590: =J1590*I1590 -> 0
A1591: Predicted | B1591: Conflict | C1591: Rachaya | D1591: Rachaya | E1591: Bekaa | F1591: 55009 | G1591: 0 | H1591: 0 | I1591: 0.23104263 | J1591: =IF(G1591=0,0,H1591/G1591) -> 0 | K1591: =J1591*I1591 -> 0
A1592: Predicted | B1592: Conflict | C1592: Rachaya | D1592: Rachaya | E1592: Bekaa | F1592: 55010 | G1592: 0 | H1592: 0 | I1592: 0.23104263 | J1592: =IF(G1592=0,0,H1592/G1592) -> 0 | K1592: =J1592*I1592 -> 0
A1593: Predicted | B1593: Conflict | C1593: Rachaya | D1593: Rachaya | E1593: Bekaa | F1593: 0c12 | G1593: 0 | H1593: 0 | I1593: 0.23104263 | J1593: =IF(G1593=0,0,H1593/G1593) -> 0 | K1593: =J1593*I1593 -> 0
A1594: Predicted | B1594: Conflict | C1594: Rachaya | D1594: Rachaya | E1594: Bekaa | F1594: 0c13 | G1594: 0 | H1594: 0 | I1594: 0.23104263 | J1594: =IF(G1594=0,0,H1594/G1594) -> 0 | K1594: =J1594*I1594 -> 0
A1595: Predicted | B1595: Conflict | C1595: Rachaya | D1595: Rachaya | E1595: Bekaa | F1595: 0c14 | G1595: 0 | H1595: 0 | I1595: 0.23104263 | J1595: =IF(G1595=0,0,H1595/G1595) -> 0 | K1595: =J1595*I1595 -> 0
A1596: Predicted | B1596: Nabi Safa | C1596: Rachaya | D1596: Rachaya | E1596: Bekaa | F1596: 55199 | G1596: 34 | H1596: 90 | I1596: 0.23113442 | J1596: =IF(G1596=0,0,H1596/G1596) -> 2.6470588 | K1596: =J1596*I1596 -> 0.61182641
A1597: Predicted | B1597: Conflict | C1597: Saida | D1597: Saida | E1597: South | F1597: 61001 | G1597: 0 | H1597: 0 | I1597: 0.23104263 | J1597: =IF(G1597=0,0,H1597/G1597) -> 0 | K1597: =J1597*I1597 -> 0
A1598: Predicted | B1598: Hartiye | C1598: Saida | D1598: Saida | E1598: South | F1598: 61423 | G1598: 16 | H1598: 0 | I1598: 0.23108583 | J1598: =IF(G1598=0,0,H1598/G1598) -> 0 | K1598: =J1598*I1598 -> 0
...

Sheet DISTRICT
A1: District | B1: ADM2_Name | C1: Resident_Population (R) | D1: Displaced_Population (D) | E1: Heterogeneity (H) | F1: Displacement_Ratio (S = D/R) | G1: Demographic_Factor (DF = S*H)
A2: Akkar | B2: Akkar | C2: 2866.2616 | D2: 91.854651 | E2: 0.20116408 | F2: 0.043141376 | G2: 0.0087632853
A3: Aley | B3: Aley | C3: 3735.869 | D3: 1632.1071 | E3: 0.30162654 | F3: 0.46151216 | G3: 0.14564807
A4: Baabda | B4: Baabda | C4: 9389.1803 | D4: 580.70492 | E4: 0.34485306 | F4: 0.35540818 | G4: 0.0940857
A5: Baalbek | B5: Baalbek | C5: 3730.2574 | D5: 103.35644 | E5: 0.1843537 | F5: 0.074708806 | G5: 0.013789887
A6: Bcharre | B6: Bcharre | C6: 962 | D6: 20.130435 | E6: 0.14893639 | F6: 0.039998859 | G6: 0.0085150869
A7: Beirut | B7: Beyrouth | C7: 23308.462 | D7: 12625.923 | E7: 0.6131932 | F7: 0.97586843 | G7: 0.59471623
A8: Bent Jbeil | B8: Bent Jbail | C8: 1756.7105 | D8: 2.6578947 | E8: 0.09971194 | F8: 0.00093620476 | G8: 0.0001876055
A9: Chouf | B9: Chouf | C9: 2628.7778 | D9: 1143.2323 | E9: 0.26185194 | F9: 0.31107466 | G9: 0.090263516
A10: El Batroun | B10: Batroun | C10: 912.22535 | D10: 103.04225 | E10: 0.2187409 | F10: 0.14456845 | G10: 0.030107366
A11: El Hermel | B11: Hermel | C11: 4051.2857 | D11: 117.78571 | E11: 0.22132985 | F11: 0.1090522 | G11: 0.014322792
A12: El Koura | B12: Koura | C12: 2139.575 | D12: 126.45 | E12: 0.29229832 | F12: 0.20933588 | G12: 0.061089539
A13: El Meten | B13: El Metn | C13: 4860.8247 | D13: 200.46392 | E13: 0.38250474 | F13: 0.05198022 | G13: 0.019314589
... A27: Zgharta | B27: Zgharta | C27: 1714.3269 | D27: 68.557692 | E27: 0.20934753 | F27: 0.046930621 | G27: 0.010375918

Sheet DF_Calculation
A1: Status | B1: Updated Nmes | C1: District | D1: Governorate | E1: ACS Code | F1: Resident_Population (R) | G1: Displaced_Population (D) | H1: Heterogeneity (H) | I1: Displacement_Ratio (S = D/R) | J1: Demographic_Factor (DF = S*H) | K1: Inside CS | N1: =COUNTIF(H:H,"#N/A") -> 0
A2: Actual | B2: عين المريسه | C2: بيروت | D2: بيروت | E2: 10110 | F2: 4550 | H2: 0.65991017 | I2: =IF(F2=0,0,G2/F2) -> 0 | J2: =I2*H2 -> 0 | K2: 1264 | M2: Actual | N2: =COUNTIF(A:A,M2) -> 1216
A3: Actual | B3: رأس بيروت | C3: بيروت | D3: بيروت | E3: 10150 | F3: 37706 | H3: 0.53190599 | K3: 8110 | M3: Predicted | N3: =COUNTIF(A:A,M3) -> 411 | O3: 0 | P3: =COUNTIFS(A:A,M3,F:F,O3) -> 113
A4: Actual | B4: مصيطبة | C4: بيروت | D4: بيروت | E4: 10210 | F4: 66330 | H4: 0.59862798 | K4: 10641 | O4: 1 | P4: =N3-P3 -> 298
A5: Actual | B5: مينا الحصن | C5: بيروت | D5: بيروت | E5: 10250 | F5: 1524 | H5: 0.83693546 | K5: 2366
A6: Actual | B6: المزرعة | C6: بيروت | D6: بيروت | E6: 10310 | F6: 88885 | H6: 0.27341794 | K6: 9377
A7: Actual | B7: باشورة | C7: بيروت | D7: بيروت | E7: 10350 | F7: 16218 | H7: 0.58627379 | K7: 5516
A8: Actual | B8: زقاق البلاط | C8: بيروت | D8: بيروت | E8: 10410 | F8: 10658 | H8: 0.56572695 | K8: 7819
A9: Actual | B9: مرفأ | C9: بيروت | D9: بيروت | E9: 10450 | F9: 151 | H9: 0.54555407 | K9: 0
A10: Actual | B10: صيفي | C10: بيروت | D10: بيروت | E10: 10510 | F10: 2152 | H10: 0.80288475 | K10: 195
A11: Actual | B11: رميل | C11: بيروت | D11: بيروت | E11: 10550 | F11: 21978 | H11: 0.80288475 | K11: 0
A12: Actual | B12: مدور | C12: بيروت | D12: بيروت | E12: 10610 | F12: 4151 | H12: 0.677964 | K12: 940
A13: Actual | B13: الاشرفية | C13: بيروت | D13: بيروت | E13: 10650 | F13: 48435 | H13: 0.85764884 | K13: 431
A14: Actual | B14: شياح | C14: بعبدا | D14: جبل لبنان | E14: 21111 | F14: 239203 | H14: 0.61645564 | K14: 3749
A15: Actual | B15: حارة حريك | C15: بعبدا | D15: جبل لبنان | E15: 21144 | F15: 62844 | H15: 0.63399263 | K15: 0
A16: Actual | B16: ليلكي | C16: بعبدا | D16: جبل لبنان | E16: 21166 | F16: 11078 | H16: 0.35640496 | K16: 0
... A1461: Predicted | B1461: Conflict | C1461: Baalbek | D1461: Baalbek-El Hermel | E1461: 54003 | F1461: 0 | H1461: 0.23104263 | K1461: 0
A1462: Predicted | B1462: Conflict | C1462: Baalbek | D1462: Baalbek-El Hermel | E1462: 0c10 | F1462: 0 | H1462: 0.23104263 | K1462: 0
A1463: Predicted | B1463: Conflict | C1463: Baalbek | D1463: Baalbek-El Hermel | E1463: 0c11 | F1463: 0 | H1463: 0.23104263 | K1463: 0
A1464: Predicted | B1464: Conflict | C1464: Baalbek | D1464: Baalbek-El Hermel | E1464: 0c2 | F1464: 0 | H1464: 0.23104263 | K1464: 0
A1465: Predicted | B1465: Conflict | C1465: Baalbek | D1465: Baalbek-El Hermel | E1465: 0c3 | F1465: 0 | H1465: 0.23104263 | K1465: 0
A1466: Predicted | B1466: Conflict | C1466: Baalbek | D1466: Baalbek-El Hermel | E1466: 0c4 | F1466: 0 | H1466: 0.23104263 | K1466: 0
A1467: Predicted | B1467: Conflict | C1467: Baalbek | D1467: Baalbek-El Hermel | E1467: 0c5 | F1467: 0 | H1467: 0.23104263 | K1467: 0
A1468: Predicted | B1468: Conflict | C1468: Baalbek | D1468: Baalbek-El Hermel | E1468: 0c6 | F1468: 0 | H1468: 0.23104263 | K1468: 0
A1469: Predicted | B1469: Conflict | C1469: Baalbek | D1469: Baalbek-El Hermel | E1469: 0c7 | F1469: 0 | H1469: 0.23104263 | K1469: 0
A1470: Predicted | B1470: Conflict | C1470: Baalbek | D1470: Baalbek-El Hermel | E1470: 0c8 | F1470: 0 | H1470: 0.23104263 | K1470: 0
A1471: Predicted | B1471: Conflict | C1471: Baalbek | D1471: Baalbek-El Hermel | E1471: 0c9 | F1471: 0 | H1471: 0.23104263 | K1471: 0
A1472: Predicted | B1472: Ouadi El-Aaoss | C1472: Baalbek | D1472: Baalbek-El Hermel | E1472: 54183 | F1472: 0 | H1472: 0.23104263 | K1472: 0
A1473: Predicted | B1473: Slouqi | C1473: Baalbek | D1473: Baalbek-El Hermel | E1473: 53423 | F1473: 17 | H1473: 0.23108853 | K1473: 0
A1474: Predicted | B1474: Mchaa Ej-Jibbe | C1474: Bcharre | D1474: North | E1474: 36110 | F1474: 0 | H1474: 0.23104263 | K1474: 0
A1475: Predicted | B1475: Qatmoun | C1475: Bent Jbeil | D1475: El Nabatieh | E1475: 72175 | F1475: 0 | H1475: 0.23104263 | K1475: 0
A1476: Predicted | B1476: Salhani | C1476: Bent Jbeil | D1476: El Nabatieh | E1476: 72135 | F1476: 0 | H1476: 0.23104263 | K1476: 0
A1477: Predicted | B1477: Chmaarine | C1477: Chouf | D1477: Mount Lebanon | E1477: 23275 | F1477: 0 | H1477: 0.23104263 | K1477: 0
A1478: Predicted | B1478: Conflict | C1478: Chouf | D1478: Mount Lebanon | E1478: 23001 | F1478: 0 | H1478: 0.23104263 | K1478: 0
A1479: Predicted | B1479: Conflict | C1479: Chouf | D1479: Mount Lebanon | E1479: 23002 | F1479: 0 | H1479: 0.23104263 | K1479: 0
A1480: Predicted | B1480: Conflict | C1480: Chouf | D1480: Mount Lebanon | E1480: 23003 | F1480: 0 | H1480: 0.23104263 | K1480: 0
A1481: Predicted | B1481: Conflict | C1481: Chouf | D1481: Mount Lebanon | E1481: 23004 | F1481: 0 | H1481: 0.23104263 | K1481: 0
A1482: Predicted | B1482: Conflict | C1482: Chouf | D1482: Mount Lebanon | E1482: 23005 | F1482: 0 | H1482: 0.23104263 | K1482: 0
A1483: Predicted | B1483: Conflict | C1483: Chouf | D1483: Mount Lebanon | E1483: 23006 | F1483: 0 | H1483: 0.23104263 | K1483: 0
... A1497: Predicted | B1497: Conflict | C1497: El Hermel | D1497: Baalbek-El Hermel | E1497: 54002 | F1497: 0 | H1497: 0.23104263 | K1497: 0
A1498: Predicted | B1498: Conflict | C1498: El Hermel | D1498: Baalbek-El Hermel | E1498: 0c1 | F1498: 0 | H1498: 0.23104263 | K1498: 0
A1499: Predicted | B1499: Aain El-Qach | C1499: El Meten | D1499: Mount Lebanon | E1499: 22523 | F1499: 109 | H1499: 0.23133691 | K1499: 0
A1500: Predicted | B1500: Bsifrine | C1500: El Meten | D1500: Mount Lebanon | E1500: 22691 | F1500: 177 | H1500: 0.2315205 | K1500: 0
A1501: Predicted | B1501: Conflict | C1501: El Meten | D1501: Mount Lebanon | E1501: 22001 | F1501: 0 | H1501: 0.23104263 | K1501: 0
A1502: Predicted | B1502: Conflict | C1502: El Meten | D1502: Mount Lebanon | E1502: 22002 | F1502: 0 | H1502: 0.23104263 | K1502: 0
A1503: Predicted | B1503: Majzoub | C1503: El Meten | D1503: Mount Lebanon | E1503: 22435 | F1503: 1439 | H1503: 0.23492767 | K1503: 0
A1504: Predicted | B1504: Mzakke | C1504: El Meten | D1504: Mount Lebanon | E1504: 22651 | F1504: 1568 | H1504: 0.23527595 | K1504: 0
A1505: Predicted | B1505: Aasaymout | C1505: El Minieh-Dennie | D1505: North | E1505: 37362 | F1505: 32 | H1505: 0.23112902 | K1505: 0
A1506: Predicted | B1506: Conflict | C1506: El Minieh-Dennie | D1506: North | E1506: 37001 | F1506: 0 | H1506: 0.23104263 | K1506: 0
A1507: Predicted | B1507: Conflict | C1507: El Minieh-Dennie | D1507: North | E1507: 37002 | F1507: 0 | H1507: 0.23104263 | K1507: 0
A1508: Predicted | B1508: Conflict | C1508: El Minieh-Dennie | D1508: North | E1508: 37003 | F1508: 0 | H1508: 0.23104263 | K1508: 0
A1509: Predicted | B1509: Conflict | C1509: El Minieh-Dennie | D1509: North | E1509: 37004 | F1509: 0 | H1509: 0.23104263 | K1509: 0
A1510: Predicted | B1510: Conflict | C1510: El Minieh-Dennie | D1510: North | E1510: 37005 | F1510: 0 | H1510: 0.23104263 | K1510: 0
... A1526: Predicted | B1526: Mzaraat El-Khreibe | C1526: El Nabatieh | D1526: El Nabatieh | E1526: 71241 | F1526: 26 | H1526: 0.23111282 | K1526: 0
A1527: Predicted | B1527: Chebaa Farms | C1527: Hasbaya | D1527: El Nabatieh | E1527: 0c15 | F1527: 0 | H1527: 0.23104263 | K1527: 0
A1528: Predicted | B1528: Aalmat Ej-Jnoubiye | C1528: Jbeil | D1528: Mount Lebanon | E1528: 26214 | F1528: 79 | H1528: 0.23125591 | K1528: 0
A1529: Predicted | B1529: Aarab El-Lahib | C1529: Jbeil | D1529: Mount Lebanon | E1529: 26374 | F1529: 60 | H1529: 0.23120462 | K1529: 0
A1530: Predicted | B1530: Aarasta | C1530: Jbeil | D1530: Mount Lebanon | E1530: 26392 | F1530: 84 | H1530: 0.23126941 | K1530: 0
A1531: Predicted | B1531: Birket Hjoula | C1531: Jbeil | D1531: Mount Lebanon | E1531: 26237 | F1531: 117 | H1531: 0.23135851 | K1531: 0
A1532: Predicted | B1532: Bmehrayn | C1532: Jbeil | D1532: Mount Lebanon | E1532: 26283 | F1532: 54 | H1532: 0.23118842 | K1532: 0
A1533: Predicted | B1533: Boulhos | C1533: Jbeil | D1533: Mount Lebanon | E1533: 26354 | F1533: 2 | H1533: 0.23104803 | K1533: 0
A1534: Predicted | B1534: Conflict | C1534: Jbeil | D1534: Mount Lebanon | E1534: 26001 | F1534: 0 | H1534: 0.23104263 | K1534: 0
A1535: Predicted | B1535: Conflict | C1535: Jbeil | D1535: Mount Lebanon | E1535: 26002 | F1535: 0 | H1535: 0.23104263 | K1535: 0
A1536: Predicted | B1536: Conflict | C1536: Jbeil | D1536: Mount Lebanon | E1536: 26003 | F1536: 0 | H1536: 0.23104263 | K1536: 0
A1537: Predicted | B1537: Conflict | C1537: Jbeil | D1537: Mount Lebanon | E1537: 26004 | F1537: 0 | H1537: 0.23104263 | K1537: 0
A1538: Predicted | B1538: Conflict | C1538: Jbeil | D1538: Mount Lebanon | E1538: 26005 | F1538: 0 | H1538: 0.23104263 | K1538: 0
A1539: Predicted | B1539: Conflict | C1539: Jbeil | D1539: Mount Lebanon | E1539: 26006 | F1539: 0 | H1539: 0.23104263 | K1539: 0
... A1579: Predicted | B1579: Ouata Sillam | C1579: Kesrwane | D1579: Mount Lebanon | E1579: 25141 | F1579: 2174 | H1579: 0.23691204 | K1579: 0
A1580: Predicted | B1580: Conflict | C1580: Marjaayoun | D1580: El Nabatieh | E1580: 0c16 | F1580: 0 | H1580: 0.23104263 | K1580: 0
A1581: Predicted | B1581: Houra | C1581: Marjaayoun | D1581: El Nabatieh | E1581: 73183 | F1581: 33 | H1581: 0.23113172 | K1581: 0
A1582: Predicted | B1582: Mazraat Doumiat | C1582: Marjaayoun | D1582: El Nabatieh | E1582: 73143 | F1582: 0 | H1582: 0.23104263 | K1582: 0
A1583: Predicted | B1583: Conflict | C1583: Rachaya | D1583: Bekaa | E1583: 55001 | F1583: 0 | H1583: 0.23104263 | K1583: 0
A1584: Predicted | B1584: Conflict | C1584: Rachaya | D1584: Bekaa | E1584: 55002 | F1584: 0 | H1584: 0.23104263 | K1584: 0
A1585: Predicted | B1585: Conflict | C1585: Rachaya | D1585: Bekaa | E1585: 55003 | F1585: 0 | H1585: 0.23104263 | K1585: 0
A1586: Predicted | B1586: Conflict | C1586: Rachaya | D1586: Bekaa | E1586: 55004 | F1586: 0 | H1586: 0.23104263 | K1586: 0
A1587: Predicted | B1587: Conflict | C1587: Rachaya | D1587: Bekaa | E1587: 55005 | F1587: 0 | H1587: 0.23104263 | K1587: 0
A1588: Predicted | B1588: Conflict | C1588: Rachaya | D1588: Bekaa | E1588: 55006 | F1588: 0 | H1588: 0.23104263 | K1588: 0
A1589: Predicted | B1589: Conflict | C1589: Rachaya | D1589: Bekaa | E1589: 55007 | F1589: 0 | H1589: 0.23104263 | K1589: 0
A1590: Predicted | B1590: Conflict | C1590: Rachaya | D1590: Bekaa | E1590: 55008 | F1590: 0 | H1590: 0.23104263 | K1590: 0
A1591: Predicted | B1591: Conflict | C1591: Rachaya | D1591: Bekaa | E1591: 55009 | F1591: 0 | H1591: 0.23104263 | K1591: 0
A1592: Predicted | B1592: Conflict | C1592: Rachaya | D1592: Bekaa | E1592: 55010 | F1592: 0 | H1592: 0.23104263 | K1592: 0
A1593: Predicted | B1593: Conflict | C1593: Rachaya | D1593: Bekaa | E1593: 0c12 | F1593: 0 | H1593: 0.23104263 | K1593: 0
A1594: Predicted | B1594: Conflict | C1594: Rachaya | D1594: Bekaa | E1594: 0c13 | F1594: 0 | H1594: 0.23104263 | K1594: 0
A1595: Predicted | B1595: Conflict | C1595: Rachaya | D1595: Bekaa | E1595: 0c14 | F1595: 0 | H1595: 0.23104263 | K1595: 0
A1596: Predicted | B1596: Nabi Safa | C1596: Rachaya | D1596: Bekaa | E1596: 55199 | F1596: 34 | H1596: 0.23113442 | K1596: 0
A1597: Predicted | B1597: Conflict | C1597: Saida | D1597: South | E1597: 61001 | F1597: 0 | H1597: 0.23104263 | K1597: 0
A1598: Predicted | B1598: Hartiye | C1598: Saida | D1598: South | E1598: 61423 | F1598: 16 | H1598: 0.23108583 | K1598: 0
A1599: Predicted | B1599: Khirbet El-Bassal | C1599: Saida | D1599: South | E1599: 61467 | F1599: 658 | H1599: 0.23281911 | K1599: 0
A1600: Predicted | B1600: Mazraat El-Houssainiye | C1600: Saida | D1600: South | E1600: 61473 | F1600: 11 | H1600: 0.23107233 | K1600: 238
A1601: Predicted | B1601: Mazraat El-Mhaydale | C1601: Saida | D1601: South | E1601: 61424 | F1601: 1 | H1601: 0.23104533 | K1601: 0
A1602: Predicted | B1602: Mazraat Oussamiyat | C1602: Saida | D1602: South | E1602: 61433 | F1602: 15 | H1602: 0.23108313 | K1602: 0
A1603: Predicted | B1603: Mazraat Sari | C1603: Saida | D1603: South | E1603: 61429 | F1603: 27 | H1603: 0.23111552 | K1603: 0
A1604: Predicted | B1604: Mazraat 'Snaiber | C1604: Saida | D1604: South | E1604: 61457 | F1604: 11 | H1604: 0.23107233 | K1604: 0
A1605: Predicted | B1605: Mtayriye | C1605: Saida | D1605: South | E1605: 61484 | F1605: 1456 | H1605: 0.23497357 | K1605: 0
A1606: Predicted | B1606: Sfenta | C1606: Saida | D1606: South | E1606: 61497 | F1606: 0 | H1606: 0.23104263 | K1606: 0
A1607: Predicted | B1607: Aaiye | C1607: Sour | D1607: South | E1607: 62242 | F1607: 537 | H1607: 0.23249243 | K1607: 0
... A1621: Predicted | B1621: Conflict | C1621: Zahle | D1621: Bekaa | E1621: 51001 | F1621: 0 | H1621: 0.23104263 | K1621: 0
A1622: Predicted | B1622: Conflict | C1622: Zahle | D1622: Bekaa | E1622: 0c17 | F1622: 0 | H1622: 0.23104263 | K1622: 0
A1623: Predicted | B1623: Tcheflik Edde Haouch | C1623: Zahle | D1623: Bekaa | E1623: 51274 | F1623: 233 | H1623: 0.23167169 | K1623: 0
A1624: Predicted | B1624: Tcheflik Qiqano | C1624: Zahle | D1624: Bekaa | E1624: 51261 | F1624: 0 | H1624: 0.23104263 | K1624: 0
...

Sheet Sheet2
A1: ACS Code
A2: 34381 | B2: 0.16799131
A3: 34286 | B3: 0.28470167
A4: 34386 | B4: 0.15222821
A5: 34287 | B5: 0.23945978
A6: 34133 | B6: 0.12175862
A7: 34188 | B7: 0.58636828
A8: 34341 | B8: 0.52953186
A9: 34263 | B9: 0.2149306
A10: 34356 | B10: 0.17196527
A11: 34229 | B11: 0.159421
A12: 34361 | B12: 0.14761138
A13: 34111 | B13: 0.57111121
... A426: 36114 | B426: 0.12549751

Sheet Prediction Model Variable H
A1: FORECAST.LINEAR(F889,H2:$H$888,$F$2:$F$888) | B1: =_xlfn.FORECAST.LINEAR(G889,I2:$I$888,$G$2:$G$888) -> #DIV/0!

Sheet Sheet1
A1: ACS_CODE | B1: Governorate | C1: District | D1: Cadaster | E1: Syr | F1: PRL | G1: PRS | H1: Leb | I1: Migrant | J1: Total | K1: Column1
A2: 21111 | B2: Mount Lebanon | C2: Baabda | D2: Chiyah | E2: 62902 | F2: 7265 | G2: 1196 | H2: 158073 | I2: 9767 | J2: 239203 | K2: =COUNTIF(DF_Calculation!E:E,Table1[[#This Row],[ACS_CODE]]) -> 1
A3: 54111 | B3: Baalbek-El Hermel | C3: El Hermel | D3: Hermel | E3: 32481 | F3: 0 | G3: 0 | H3: 16704 | I3: 452 | J3: 49637 | K3: =COUNTIF(DF_Calculation!E:E,Table1[[#This Row],[ACS_CODE]]) -> 1
A4: 53231 | B4: Baalbek-El Hermel | C4: Baalbek | D4: Aarsal | E4: 32445 | F4: 0 | G4: 0 | H4: 15105 | I4: 54 | J4: 47604 | K4: =COUNTIF(DF_Calculation!E:E,Table1[[#This Row],[ACS_CODE]]) -> 1
A5: 21177 | B5: Mount Lebanon | C5: Baabda | D5: Bourj El-Brajneh | E5: 27156 | F5: 9302 | G5: 1600 | H5: 90718 | I5: 1865 | J5: 130641 | K5: =COUNTIF(DF_Calculation!E:E,Table1[[#This Row],[ACS_CODE]]) -> 1
A6: 51267 | B6: Bekaa | C6: Zahle | D6: Barr Elias | E6: 26652 | F6: 1626 | G6: 510 | H6: 8362 | I6: 154 | J6: 37304 | K6: =COUNTIF(DF_Calculation!E:E,Table1[[#This Row],[ACS_CODE]]) -> 1
A7: 24111 | B7: Mount Lebanon | C7: Aley | D7: Choueifat El-Aamrousiye | E7: 25798 | F7: 298 | G7: 0 | H7: 70316 | I7: 1760 | J7: 98172 | K7: =COUNTIF(DF_Calculation!E:E,Table1[[#This Row],[ACS_CODE]]) -> 1
A8: 22111 | B8: Mount Lebanon | C8: El Meten | D8: Bourj Hammoud | E8: 19017 | F8: 1038 | G8: 60 | H8: 70331 | I8: 10767 | J8: 101213 | K8: =COUNTIF(DF_Calculation!E:E,Table1[[#This Row],[ACS_CODE]]) -> 1
A9: 53111 | B9: Baalbek-El Hermel | C9: Baalbek | D9: Baalbek | E9: 18910 | F9: 2228 | G9: 1251 | H9: 42977 | I9: 192 | J9: 65558 | K9: =COUNTIF(DF_Calculation!E:E,Table1[[#This Row],[ACS_CODE]]) -> 1
A10: 37231 | B10: North | C10: El Minieh-Dennie | D10: Beddaoui | E10: 18030 | F10: 15044 | G10: 1833 | H10: 28120 | I10: 89 | J10: 63116 | K10: =COUNTIF(DF_Calculation!E:E,Table1[[#This Row],[ACS_CODE]]) -> 1
A11: 51234 | B11: Bekaa | C11: Zahle | D11: Qabb Elias | E11: 15732 | F11: 1626 | G11: 0 | H11: 8868 | I11: 155 | J11: 26381 | K11: =COUNTIF(DF_Calculation!E:E,Table1[[#This Row],[ACS_CODE]]) -> 1
A12: 52277 | B12: Bekaa | C12: West Bekaa | D12: Marj BG | E12: 14463 | F12: 339 | G12: 0 | H12: 3401 | I12: 275 | J12: 18478 | K12: =COUNTIF(DF_Calculation!E:E,Table1[[#This Row],[ACS_CODE]]) -> 1
A13: 35512 | B13: Akkar | C13: Akkar | D13: Aamayer | E13: 13465 | F13: 0 | G13: 0 | H13: 6881 | I13: 63 | J13: 20409 | K13: =COUNTIF(DF_Calculation!E:E,Table1[[#This Row],[ACS_CODE]]) -> 1
... A49: 51221 | B49: Bekaa | C49: Zahle | D49: Taalbaya | E49: 5017 | F49: 1626 | G49: 195 | H49: 10499 | I49: 240 | J49: 17577 | K49: =COUNTIF(DF_Calculation!E:E,Table1[[#This Row],[ACS_CODE]]) -> 1
A50: 35269 | B50: Akkar | C50: Akkar | D50: Qoubber Chamra | E50: 5000 | F50: 0 | G50: 0 | H50: 1377 | J50: 6377 | K50: =COUNTIF(DF_Calculation!E:E,Table1[[#This Row],[ACS_CODE]]) -> 1
A51: 53445 | B51: Baalbek-El Hermel | C51: Baalbek | D51: Nabi Chit | E51: 4973 | F51: 0 | G51: 0 | H51: 5755 | I51: 307 | J51: 11035 | K51: =COUNTIF(DF_Calculation!E:E,Table1[[#This Row],[ACS_CODE]]) -> 1
A52: 35314 | B52: Akkar | C52: Akkar | D52: berqayel | E52: 4825 | F52: 0 | G52: 0 | H52: 7683 | I52: 13 | J52: 12521 | K52: =COUNTIF(DF_Calculation!E:E,Table1[[#This Row],[ACS_CODE]]) -> 1
A53: 22228 | B53: Mount Lebanon | C53: El Meten | D53: Baouchriye | E53: 4766 | F53: 0 | G53: 0 | H53: 60601 | I53: 2406 | J53: 67773 | K53: =COUNTIF(DF_Calculation!E:E,Table1[[#This Row],[ACS_CODE]]) -> 1
A54: 53284 | B54: Baalbek-El Hermel | C54: Baalbek | D54: Youmine | E54: 4587 | F54: 0 | G54: 0 | H54: 3111 | I54: 10 | J54: 7708 | K54: =COUNTIF(DF_Calculation!E:E,Table1[[#This Row],[ACS_CODE]]) -> 1
A55: 53429 | B55: Baalbek-El Hermel | C55: Baalbek | D55: Chmistar | E55: 4437 | F55: 0 | G55: 0 | H55: 6022 | I55: 4 | J55: 10463 | K55: =COUNTIF(DF_Calculation!E:E,Table1[[#This Row],[ACS_CODE]]) -> 1
A56: 24311 | B56: Mount Lebanon | C56: Aley | D56: Aaley | E56: 4362 | F56: 0 | G56: 554 | H56: 21822 | I56: 4115 | J56: 30853 | K56: =COUNTIF(DF_Calculation!E:E,Table1[[#This Row],[ACS_CODE]]) -> 1
A57: 61449 | B57: South | C57: Saida | D57: Sarafand | E57: 4249 | F57: 1221 | G57: 0 | H57: 11602 | I57: 254 | J57: 17326 | K57: =COUNTIF(DF_Calculation!E:E,Table1[[#This Row],[ACS_CODE]]) -> 1
A58: 31151 | B58: North | C58: Tripoli | D58: Trablous El-Qobbe | E58: 4241 | F58: 208 | G58: 0 | H58: 42241 | I58: 63 | J58: 46753 | K58: =COUNTIF(DF_Calculation!E:E,Table1[[#This Row],[ACS_CODE]]) -> 1
A59: 53419 | B59: Baalbek-El Hermel | C59: Baalbek | D59: Haouch Er-Rafqa | E59: 4193 | F59: 0 | G59: 0 | H59: 2738 | I59: 10 | J59: 6941 | K59: =COUNTIF(DF_Calculation!E:E,Table1[[#This Row],[ACS_CODE]]) -> 1
A60: 61311 | B60: South | C60: Saida | D60: Ghaziye | E60: 4121 | F60: 1221 | G60: 89 | H60: 12215 | I60: 178 | J60: 17824 | K60: =COUNTIF(DF_Calculation!E:E,Table1[[#This Row],[ACS_CODE]]) -> 1
A61: 53234 | B61: Baalbek-El Hermel | C61: Baalbek | D61: Laboue | E61: 4091 | F61: 0 | G61: 0 | H61: 5972 | I61: 65 | J61: 10128 | K61: =COUNTIF(DF_Calculation!E:E,Table1[[#This Row],[ACS_CODE]]) -> 1
A62: 35149 | B62: Akkar | C62: Akkar | D62: Deir Dalloum | E62: 4020 | F62: 0 | G62: 0 | H62: 3951 | I62: 3 | J62: 7974 | K62: =COUNTIF(DF_Calculation!E:E,Table1[[#This Row],[ACS_CODE]]) -> 1
... A69: 53425 | B69: Baalbek-El Hermel | C69: Baalbek | D69: Temnine Et-Tahta | E69: 3614 | F69: 0 | G69: 0 | H69: 6221 | I69: 10 | J69: 9845 | K69: =COUNTIF(DF_Calculation!E:E,Table1[[#This Row],[ACS_CODE]]) -> 1
A70: 35467 | B70: Akkar | C70: Akkar | D70: Rihaniyet Aakkar | E70: 3568 | F70: 0 | G70: 0 | H70: 666 | J70: 4234 | K70: =COUNTIF(DF_Calculation!E:E,Table1[[#This Row],[ACS_CODE]]) -> 1
A71: 53123 | B71: Baalbek-El Hermel | C71: Baalbek | D71: Iaat | E71: 3566 | F71: 0 | G71: 0 | H71: 2711 | I71: 15 | J71: 6292 | K71: =COUNTIF(DF_Calculation!E:E,Table1[[#This Row],[ACS_CODE]]) -> 1
A72: 35229 | B72: Akkar | C72: Akkar | D72: Massaaoudiye | E72: 3562 | F72: 0 | G72: 0 | H72: 1234 | I72: 4 | J72: 4800 | K72: =COUNTIF(DF_Calculation!E:E,Table1[[#This Row],[ACS_CODE]]) -> 1
A73: 23271 | B73: Mount Lebanon | C73: Chouf | D73: Jadra | E73: 3508 | F73: 513 | G73: 0 | H73: 706 | I73: 21 | J73: 4748 | K73: =COUNTIF(DF_Calculation!E:E,Table1[[#This Row],[ACS_CODE]]) -> 1
A74: 23111 | B74: Mount Lebanon | C74: Chouf | D74: Damour | E74: 3359 | F74: 513 | G74: 0 | H74: 1441 | I74: 158 | J74: 5471 | K74: =COUNTIF(DF_Calculation!E:E,Table1[[#This Row],[ACS_CODE]]) -> 1
A75: 53437 | B75: Baalbek-El Hermel | C75: Baalbek | D75: Serraaine Et-Tahta | E75: 3290 | F75: 0 | G75: 0 | H75: 5444 | I75: 50 | J75: 8784 | K75: =COUNTIF(DF_Calculation!E:E,Table1[[#This Row],[ACS_CODE]]) -> 1
A76: 10650 | B76: Beirut | C76: Beirut | D76: Achrafieh foncière | E76: 3274 | F76: 0 | G76: 0 | H76: 40263 | I76: 4898 | J76: 48435 | K76: =COUNTIF(DF_Calculation!E:E,Table1[[#This Row],[ACS_CODE]]) -> 1
A77: 52217 | B77: Bekaa | C77: West Bekaa | D77: Kamed El-Laouz | E77: 3106 | F77: 0 | G77: 0 | H77: 4257 | I77: 146 | J77: 7509 | K77: =COUNTIF(DF_Calculation!E:E,Table1[[#This Row],[ACS_CODE]]) -> 1
A78: 51227 | B78: Bekaa | C78: Zahle | D78: Taanayel | E78: 3049 | F78: 0 | G78: 0 | H78: 1222 | I78: 32 | J78: 4303 | K78: =COUNTIF(DF_Calculation!E:E,Table1[[#This Row],[ACS_CODE]]) -> 1
A79: 35261 | B79: Akkar | C79: Akkar | D79: Mqaiteaa | E79: 3033 | F79: 0 | G79: 0 | H79: 2263 | I79: 11 | J79: 5307 | K79: =COUNTIF(DF_Calculation!E:E,Table1[[#This Row],[ACS_CODE]]) -> 1
A80: 33111 | B80: North | C80: Zgharta | D80: Zgharta | E80: 3033 | F80: 0 | G80: 0 | H80: 16652 | I80: 220 | J80: 19905 | K80: =COUNTIF(DF_Calculation!E:E,Table1[[#This Row],[ACS_CODE]]) -> 1
A81: 62128 | B81: South | C81: Sour | D81: Borj Ech-Chemali | E81: 3000 | F81: 9783 | G81: 1892 | H81: 20148 | I81: 607 | J81: 35430 | K81: =COUNTIF(DF_Calculation!E:E,Table1[[#This Row],[ACS_CODE]]) -> 1
A82: 53459 | B82: Baalbek-El Hermel | C82: Baalbek | D82: Bouday | E82: 2977 | F82: 0 | G82: 0 | H82: 6083 | I82: 152 | J82: 9212 | K82: =COUNTIF(DF_Calculation!E:E,Table1[[#This Row],[ACS_CODE]]) -> 1
... A98: 33129 | B98: North | C98: Zgharta | D98: Mejdlaiya Zgharta | E98: 2505 | F98: 0 | G98: 0 | H98: 9401 | I98: 117 | J98: 12023 | K98: =COUNTIF(DF_Calculation!E:E,Table1[[#This Row],[ACS_CODE]]) -> 1
A99: 35243 | B99: Akkar | C99: Akkar | D99: Qleiaat Aakkar | E99: 2480 | F99: 0 | G99: 0 | H99: 2030 | J99: 4510 | K99: =COUNTIF(DF_Calculation!E:E,Table1[[#This Row],[ACS_CODE]]) -> 1
A100: 22419 | B100: Mount Lebanon | C100: El Meten | D100: Fanar | E100: 2461 | F100: 0 | G100: 0 | H100: 9129 | I100: 1198 | J100: 12788 | K100: =COUNTIF(DF_Calculation!E:E,Table1[[#This Row],[ACS_CODE]]) -> 1
A101: 35429 | B101: Akkar | C101: Akkar | D101: Kouachra | E101: 2427 | F101: 0 | G101: 0 | H101: 1431 | J101: 3858 | K101: =COUNTIF(DF_Calculation!E:E,Table1[[#This Row],[ACS_CODE]]) -> 1
A102: 21219 | B102: Mount Lebanon | C102: Baabda | D102: Hadath Beyrouth | E102: 2418 | F102: 0 | G102: 33 | H102: 18977 | I102: 277 | J102: 21705 | K102: =COUNTIF(DF_Calculation!E:E,Table1[[#This Row],[ACS_CODE]]) -> 1
A103: 35364 | B103: Akkar | C103: Akkar | D103: Ouadi El-Jamous | E103: 2391 | F103: 0 | G103: 0 | H103: 5056 | J103: 7447 | K103: =COUNTIF(DF_Calculation!E:E,Table1[[#This Row],[ACS_CODE]]) -> 1
A104: 32119 | B104: North | C104: El Koura | D104: Bterram | E104: 2388 | F104: 0 | G104: 0 | H104: 2401 | I104: 15 | J104: 4804 | K104: =COUNTIF(DF_Calculation!E:E,Table1[[#This Row],[ACS_CODE]]) -> 1
A105: 34111 | B105: North | C105: El Batroun | D105: Batroun | E105: 2370 | F105: 0 | G105: 0 | H105: 1604 | I105: 500 | J105: 4474 | K105: =COUNTIF(DF_Calculation!E:E,Table1[[#This Row],[ACS_CODE]]) -> 1
A106: 35216 | B106: Akkar | C106: Akkar | D106: Khreibet Ej-Jindi | E106: 2353 | F106: 0 | G106: 0 | H106: 4322 | I106: 17 | J106: 6692 | K106: =COUNTIF(DF_Calculation!E:E,Table1[[#This Row],[ACS_CODE]]) -> 1
A107: 31221 | B107: North | C107: Tripoli | D107: Qalamoun | E107: 2349 | F107: 0 | G107: 0 | H107: 3650 | I107: 15 | J107: 6014 | K107: =COUNTIF(DF_Calculation!E:E,Table1[[#This Row],[ACS_CODE]]) -> 1
A108: 35511 | B108: Akkar | C108: Akkar | D108: Dayret Nahr El-Kabir | E108: 2337 | F108: 0 | G108: 0 | H108: 1112 | J108: 3449 | K108: =COUNTIF(DF_Calculation!E:E,Table1[[#This Row],[ACS_CODE]]) -> 1
A109: 51211 | B109: Bekaa | C109: Zahle | D109: Chtaura | E109: 2293 | F109: 0 | G109: 0 | H109: 1205 | I109: 101 | J109: 3599 | K109: =COUNTIF(DF_Calculation!E:E,Table1[[#This Row],[ACS_CODE]]) -> 1
A110: 53217 | B110: Baalbek-El Hermel | C110: Baalbek | D110: Aain Baalbek | E110: 2288 | F110: 0 | G110: 0 | H110: 5827 | I110: 22 | J110: 8137 | K110: =COUNTIF(DF_Calculation!E:E,Table1[[#This Row],[ACS_CODE]]) -> 1
A111: 71111 | B111: El Nabatieh | C111: El Nabatieh | D111: Nabatieh Et-Tahta | E111: 2164 | F111: 0 | G111: 332 | H111: 28789 | J111: 31285 | K111: =COUNTIF(DF_Calculation!E:E,Table1[[#This Row],[ACS_CODE]]) -> 1
A112: 35235 | B112: Akkar | C112: Akkar | D112: Tall Bire | E112: 2091 | F112: 0 | G112: 0 | H112: 726 | J112: 2817 | K112: =COUNTIF(DF_Calculation!E:E,Table1[[#This Row],[ACS_CODE]]) -> 1
A113: 25121 | B113: Mount Lebanon | C113: Kesrwane | D113: Jounie Ghadir | E113: 2087 | F113: 0 | G113: 0 | H113: 12606 | I113: 478 | J113: 15171 | K113: =COUNTIF(DF_Calculation!E:E,Table1[[#This Row],[ACS_CODE]]) -> 1
A114: 26111 | B114: Mount Lebanon | C114: Jbeil | D114: Jbayl | E114: 2082 | F114: 0 | G114: 0 | H114: 18914 | I114: 1395 | J114: 22391 | K114: =COUNTIF(DF_Calculation!E:E,Table1[[#This Row],[ACS_CODE]]) -> 1
A115: 35224 | B115: Akkar | C115: Akkar | D115: Chir Hmairine | E115: 2053 | F115: 0 | G115: 0 | H115: 2323 | J115: 4376 | K115: =COUNTIF(DF_Calculation!E:E,Table1[[#This Row],[ACS_CODE]]) -> 1
A116: 53214 | B116: Baalbek-El Hermel | C116: Baalbek | D116: Fekehe | E116: 2026 | F116: 0 | G116: 0 | H116: 6838 | I116: 23 | J116: 8887 | K116: =COUNTIF(DF_Calculation!E:E,Table1[[#This Row],[ACS_CODE]]) -> 1
A117: 53167 | B117: Baalbek-El Hermel | C117: Baalbek | D117: Saaide | E117: 2016 | F117: 0 | G117: 0 | H117: 783 | I117: 17 | J117: 2816 | K117: =COUNTIF(DF_Calculation!E:E,Table1[[#This Row],[ACS_CODE]]) -> 1
A118: 22211 | B118: Mount Lebanon | C118: El Meten | D118: Jdaidet El-Matn | E118: 2003 | F118: 0 | G118: 0 | H118: 15068 | I118: 242 | J118: 17313 | K118: =COUNTIF(DF_Calculation!E:E,Table1[[#This Row],[ACS_CODE]]) -> 1
A119: 52171 | B119: Bekaa | C119: West Bekaa | D119: Mansoura BG | E119: 1964 | F119: 0 | G119: 0 | H119: 1606 | I119: 25 | J119: 3595 | K119: =COUNTIF(DF_Calculation!E:E,Table1[[#This Row],[ACS_CODE]]) -> 1
A120: 35237 | B120: Akkar | C120: Akkar | D120: Tall Hmayra | E120: 1941 | F120: 0 | G120: 0 | H120: 1136 | I120: 4 | J120: 3081 | K120: =COUNTIF(DF_Calculation!E:E,Table1[[#This Row],[ACS_CODE]]) -> 1
A121: 37311 | B121: North | C121: El Minieh-Dennie | D121: Sir Ed-Danniye | E121: 1940 | F121: 0 | G121: 0 | H121: 4330 | I121: 17 | J121: 6287 | K121: =COUNTIF(DF_Calculation!E:E,Table1[[#This Row],[ACS_CODE]]) -> 1
A122: 35129 | B122: Akkar | C122: Akkar | D122: Minyara | E122: 1935 | F122: 0 | G122: 0 | H122: 4783 | I122: 38 | J122: 6756 | K122: =COUNTIF(DF_Calculation!E:E,Table1[[#This Row],[ACS_CODE]]) -> 1
A123: 52234 | B123: Bekaa | C123: West Bekaa | D123: Khiara | E123: 1933 | F123: 0 | G123: 0 | H123: 441 | I123: 35 | J123: 2409 | K123: =COUNTIF(DF_Calculation!E:E,Table1[[#This Row],[ACS_CODE]]) -> 1
A124: 33271 | B124: North | C124: Zgharta | D124: Miriata | E124: 1929 | F124: 0 | G124: 0 | H124: 3396 | I124: 8 | J124: 5333 | K124: =COUNTIF(DF_Calculation!E:E,Table1[[#This Row],[ACS_CODE]]) -> 1
A125: 31156 | B125: North | C125: Tripoli | D125: Trablous Ez-Zahrieh | E125: 1922 | F125: 207 | G125: 0 | H125: 3023 | I125: 26 | J125: 5178 | K125: =COUNTIF(DF_Calculation!E:E,Table1[[#This Row],[ACS_CODE]]) -> 1
A126: 35417 | B126: Akkar | C126: Akkar | D126: Khirbet Daoud Aakkar | E126: 1898 | F126: 0 | G126: 0 | H126: 855 | I126: 3 | J126: 2756 | K126: =COUNTIF(DF_Calculation!E:E,Table1[[#This Row],[ACS_CODE]]) -> 1
A127: 35271 | B127: Akkar | C127: Akkar | D127: Sammaqiye | E127: 1884 | F127: 0 | G127: 0 | H127: 1120 | J127: 3004 | K127: =COUNTIF(DF_Calculation!E:E,Table1[[#This Row],[ACS_CODE]]) -> 1
A128: 51224 | B128: Bekaa | C128: Zahle | D128: Jdita | E128: 1883 | F128: 0 | G128: 0 | H128: 4928 | I128: 80 | J128: 6891 | K128: =COUNTIF(DF_Calculation!E:E,Table1[[#This Row],[ACS_CODE]]) -> 1
A129: 26141 | B129: Mount Lebanon | C129: Jbeil | D129: Aamchit | E129: 1881 | F129: 0 | G129: 0 | H129: 19297 | I129: 435 | J129: 21613 | K129: =COUNTIF(DF_Calculation!E:E,Table1[[#This Row],[ACS_CODE]]) -> 1
A130: 53439 | B130: Baalbek-El Hermel | C130: Baalbek | D130: Talia | E130: 1851 | F130: 0 | G130: 0 | H130: 1350 | I130: 32 | J130: 3233 | K130: =COUNTIF(DF_Calculation!E:E,Table1[[#This Row],[ACS_CODE]]) -> 1
A131: 53443 | B131: Baalbek-El Hermel | C131: Baalbek | D131: Khodr Baalbek | E131: 1791 | F131: 0 | G131: 0 | H131: 2428 | I131: 10 | J131: 4229 | K131: =COUNTIF(DF_Calculation!E:E,Table1[[#This Row],[ACS_CODE]]) -> 1
A132: 31116 | B132: North | C132: Tripoli | D132: Trablous El-Haddadine, El-Hadid, El-Mharta | E132: 1774 | F132: 208 | G132: 0 | H132: 39544 | I132: 213 | J132: 41739 | K132: =COUNTIF(DF_Calculation!E:E,Table1[[#This Row],[ACS_CODE]]) -> 1
A133: 62241 | B133: South | C133: Sour | D133: Sadiqine | E133: 1738 | F133: 0 | G133: 0 | H133: 1948 | I133: 60 | J133: 3746 | K133: =COUNTIF(DF_Calculation!E:E,Table1[[#This Row],[ACS_CODE]]) -> 1
A134: 35213 | B134: Akkar | C134: Akkar | D134: Tall Aabbas Ech-Charqi | E134: 1728 | F134: 0 | G134: 0 | H134: 522 | I134: 5 | J134: 2255 | K134: =COUNTIF(DF_Calculation!E:E,Table1[[#This Row],[ACS_CODE]]) -> 1
A135: 35514 | B135: Akkar | C135: Akkar | D135: Hnaider | E135: 1724 | F135: 0 | G135: 0 | H135: 477 | J135: 2201 | K135: =COUNTIF(DF_Calculation!E:E,Table1[[#This Row],[ACS_CODE]]) -> 1
A136: 51163 | B136: Bekaa | C136: Zahle | D136: Ablah | E136: 1724 | F136: 0 | G136: 0 | H136: 3662 | I136: 35 | J136: 5421 | K136: =COUNTIF(DF_Calculation!E:E,Table1[[#This Row],[ACS_CODE]]) -> 1
A137: 61444 | B137: South | C137: Saida | D137: Babliye | E137: 1711 | F137: 0 | G137: 0 | H137: 2894 | I137: 244 | J137: 4849 | K137: =COUNTIF(DF_Calculation!E:E,Table1[[#This Row],[ACS_CODE]]) -> 1
A138: 61419 | B138: South | C138: Saida | D138: Khayayeb Saida | E138: 1705 | F138: 0 | G138: 0 | H138: 3233 | I138: 120 | J138: 5058 | K138: =COUNTIF(DF_Calculation!E:E,Table1[[#This Row],[ACS_CODE]]) -> 1
A139: 21211 | B139: Mount Lebanon | C139: Baabda | D139: Baabda | E139: 1689 | F139: 0 | G139: 23 | H139: 23842 | I139: 3828 | J139: 29382 | K139: =COUNTIF(DF_Calculation!E:E,Table1[[#This Row],[ACS_CODE]]) -> 1
A140: 25126 | B140: Mount Lebanon | C140: Kesrwane | D140: Zouk Mousbeh | E140: 1680 | F140: 0 | G140: 0 | H140: 23787 | I140: 2255 | J140: 27722 | K140: =COUNTIF(DF_Calculation!E:E,Table1[[#This Row],[ACS_CODE]]) -> 1
A141: 53147 | B141: Baalbek-El Hermel | C141: Baalbek | D141: Majdaloun | E141: 1676 | F141: 0 | G141: 0 | H141: 767 | I141: 10 | J141: 2453 | K141: =COUNTIF(DF_Calculation!E:E,Table1[[#This Row],[ACS_CODE]]) -> 1
A142: 53127 | B142: Baalbek-El Hermel | C142: Baalbek | D142: Aadous | E142: 1617 | F142: 0 | G142: 0 | H142: 44 | J142: 1661 | K142: =COUNTIF(DF_Calculation!E:E,Table1[[#This Row],[ACS_CODE]]) -> 1
A143: 22411 | B143: Mount Lebanon | C143: El Meten | D143: Mansouriyet El-Matn | E143: 1609 | F143: 0 | G143: 0 | H143: 10156 | I143: 1031 | J143: 12796 | K143: =COUNTIF(DF_Calculation!E:E,Table1[[#This Row],[ACS_CODE]]) -> 1
A144: 52264 | B144: Bekaa | C144: West Bekaa | D144: Souairi | E144: 1605 | F144: 0 | G144: 0 | H144: 3491 | I144: 8 | J144: 5104 | K144: =COUNTIF(DF_Calculation!E:E,Table1[[#This Row],[ACS_CODE]]) -> 1
A145: 32185 | B145: North | C145: El Koura | D145: Ras Masqa | E145: 1578 | F145: 0 | G145: 0 | H145: 6106 | I145: 166 | J145: 7850 | K145: =COUNTIF(DF_Calculation!E:E,Table1[[#This Row],[ACS_CODE]]) -> 1
A146: 23321 | B146: Mount Lebanon | C146: Chouf | D146: Rmeilet Ech-Chouf | E146: 1576 | F146: 513 | G146: 0 | H146: 3244 | I146: 107 | J146: 5440 | K146: =COUNTIF(DF_Calculation!E:E,Table1[[#This Row],[ACS_CODE]]) -> 1
A147: 31121 | B147: North | C147: Tripoli | D147: Trablous Et-Tell | E147: 1559 | F147: 208 | G147: 0 | H147: 43610 | I147: 225 | J147: 45602 | K147: =COUNTIF(DF_Calculation!E:E,Table1[[#This Row],[ACS_CODE]]) -> 1
A148: 53415 | B148: Baalbek-El Hermel | C148: Baalbek | D148: Temnine El-Faouqa | E148: 1546 | F148: 0 | G148: 0 | H148: 2834 | I148: 30 | J148: 4410 | K148: =COUNTIF(DF_Calculation!E:E,Table1[[#This Row],[ACS_CODE]]) -> 1
A149: 51217 | B149: Bekaa | C149: Zahle | D149: Makse | E149: 1499 | F149: 0 | G149: 0 | H149: 1838 | I149: 30 | J149: 3367 | K149: =COUNTIF(DF_Calculation!E:E,Table1[[#This Row],[ACS_CODE]]) -> 1
A150: 23623 | B150: Mount Lebanon | C150: Chouf | D150: Jdeidet Ech-Chouf | E150: 1498 | F150: 0 | G150: 0 | H150: 6279 | I150: 365 | J150: 8142 | K150: =COUNTIF(DF_Calculation!E:E,Table1[[#This Row],[ACS_CODE]]) -> 1
A151: 71155 | B151: El Nabatieh | C151: El Nabatieh | D151: Habbouch En-Nabatiyeh | E151: 1481 | F151: 0 | G151: 0 | H151: 10943 | I151: 58 | J151: 12482 | K151: =COUNTIF(DF_Calculation!E:E,Table1[[#This Row],[ACS_CODE]]) -> 1
A152: 71324 | B152: El Nabatieh | C152: El Nabatieh | D152: Toul | E152: 1465 | F152: 0 | G152: 0 | H152: 2163 | I152: 113 | J152: 3741 | K152: =COUNTIF(DF_Calculation!E:E,Table1[[#This Row],[ACS_CODE]]) -> 1
A153: 35234 | B153: Akkar | C153: Akkar | D153: Kfar Melki Aakkar | E153: 1457 | F153: 0 | G153: 0 | H153: 280 | J153: 1737 | K153: =COUNTIF(DF_Calculation!E:E,Table1[[#This Row],[ACS_CODE]]) -> 1
A154: 61159 | B154: South | C154: Saida | D154: Haret Saida | E154: 1447 | F154: 539 | G154: 0 | H154: 12374 | I154: 362 | J154: 14722 | K154: =COUNTIF(DF_Calculation!E:E,Table1[[#This Row],[ACS_CODE]]) -> 1
A155: 32179 | B155: North | C155: El Koura | D155: Dedde | E155: 1446 | F155: 0 | G155: 0 | H155: 5113 | I155: 35 | J155: 6594 | K155: =COUNTIF(DF_Calculation!E:E,Table1[[#This Row],[ACS_CODE]]) -> 1
A156: 71133 | B156: El Nabatieh | C156: El Nabatieh | D156: Kfar Roummane | E156: 1418 | F156: 783 | G156: 0 | H156: 5467 | I156: 158 | J156: 7826 | K156: =COUNTIF(DF_Calculation!E:E,Table1[[#This Row],[ACS_CODE]]) -> 1
...
